#SampleID,BarcodeSequence,LinkerPrimerSequence,MiSeqPlate_no,MiSeqWell_no,MiSeqWell,MiSeqPlateWell,ref,SampleType,SampleDate,SampleTime,Diet,Colonization
Mouse_1a,ATCTCGATAAGCG,NA,9,777,A9,9_A9,9,Fecal,6.29.2016,Endpoint,Control,MockCommunity2
Mouse_2a,CAGACAAGCTTCC,NA,9,778,A10,9_A10,10,Fecal,6.29.2016,Endpoint,Control,MockCommunity2
Mouse_3a,ATCCGCAACCTGA,NA,9,779,A11,9_A11,11,Fecal,6.29.2016,Endpoint,Control,MockCommunity2
Mouse_16a,ATCACTTGGTGCG,NA,9,780,A12,9_A12,12,Fecal,6.29.2016,Endpoint,Control,MockCommunity2
Mouse_17a,GTTATGTACGGCG,NA,9,781,B1,9_B1,13,Fecal,6.29.2016,Endpoint,Control,MockCommunity2
Mouse_9a,ATTGGACGTCCAC,NA,9,782,B2,9_B2,14,Fecal,6.29.2016,Endpoint,Control,MockCommunity2
Mouse_13a,CTCCAGGGCTATA,NA,9,783,B3,9_B3,15,Fecal,6.29.2016,Endpoint,Control,MockCommunity2
Mouse_14a,AGCGTAGAGAGAC,NA,9,784,B4,9_B4,16,Fecal,6.29.2016,Endpoint,Control,MockCommunity2
Mouse_11a,CGAAACTCCTAGA,NA,9,785,B5,9_B5,17,Fecal,6.29.2016,Endpoint,Control,MockCommunity2
Mouse_4a,TATCGGGCTTAAC,NA,9,786,B6,9_B6,18,Fecal,6.29.2016,Endpoint,Control,MockCommunity2
Mouse_3b,ATACGCCCATCAG,NA,9,787,B7,9_B7,19,Fecal,6.29.2016,Endpoint,Supplemented,MockCommunity2
Mouse_2b,GACTCATCTTCCA,NA,9,788,B8,9_B8,20,Fecal,6.29.2016,Endpoint,Supplemented,MockCommunity2
Mouse_5b,CGAGATACAGTTC,NA,9,789,B9,9_B9,21,Fecal,6.29.2016,Endpoint,Supplemented,MockCommunity2
Mouse_18b,TGCATGCATCCCA,NA,9,790,B10,9_B10,22,Fecal,6.29.2016,Endpoint,Supplemented,MockCommunity2
Mouse_11b,CGATCTAATCGAG,NA,9,791,B11,9_B11,23,Fecal,6.29.2016,Endpoint,Supplemented,MockCommunity2
Mouse_16b,TAATCTTGCGCCG,NA,9,792,B12,9_B12,24,Fecal,6.29.2016,Endpoint,Supplemented,MockCommunity2
Mouse_19b,TGGAAATCCCATC,NA,9,793,C1,9_C1,25,Fecal,6.29.2016,Endpoint,Supplemented,MockCommunity2
Mouse_8b,TGACCGTCAATAC,NA,9,794,C2,9_C2,26,Fecal,6.29.2016,Endpoint,Supplemented,MockCommunity2
Mouse_6b,ATTGGAACGGCTT,NA,9,795,C3,9_C3,27,Fecal,6.29.2016,Endpoint,Supplemented,MockCommunity2